{
    "swap_bc": {
        "prop_DeleteInsert.txt": {
            "RBT": {
                "baseBespoke": 1.0,
                "baseBespokestaged": 1.0648822762481784,
                "baseBespokestagedc": 1.6296948356807512,
                "baseBespokestagedcsr": 1.5555680035850326
            }
        },
        "prop_InsertDelete.txt": {
            "RBT": {
                "baseBespoke": 1.0,
                "baseBespokestaged": 1.102793500091291,
                "baseBespokestagedc": 3.1182240578213736,
                "baseBespokestagedcsr": 2.9666011787819255
            }
        },
        "prop_InsertModel.txt": {
            "RBT": {
                "baseBespoke": 1.0,
                "baseBespokestaged": 1.234375,
                "baseBespokestagedc": 1.5991902834008098,
                "baseBespokestagedcsr": 1.811926605504587
            }
        },
        "prop_InsertValid.txt": {
            "RBT": {
                "baseBespoke": 1.0,
                "baseBespokestaged": 1.182642487046632,
                "baseBespokestagedc": 1.645045045045045,
                "baseBespokestagedcsr": 2.288220551378446
            }
        },
        "prop_InsertPost.txt": {
            "RBT": {
                "baseBespoke": 1.0,
                "baseBespokestaged": 1.1385202388852023,
                "baseBespokestagedc": 1.9016348018841787,
                "baseBespokestagedcsr": 1.9135647567266139
            }
        },
        "prop_DeleteDelete.txt": {
            "RBT": {
                "baseBespoke": 1.0,
                "baseBespokestaged": 1.1584222040316923,
                "baseBespokestagedc": 2.4042996732664736,
                "baseBespokestagedcsr": 2.5310824091225133
            }
        },
        "prop_InsertInsert.txt": {
            "RBT": {
                "baseBespoke": 1.0,
                "baseBespokestaged": 1.089206066012489,
                "baseBespokestagedc": 1.8900928792569662,
                "baseBespokestagedcsr": 2.083617747440273
            }
        },
        "prop_DeleteModel.txt": {
            "RBT": {
                "baseBespoke": 1.0,
                "baseBespokestaged": 1.1207386363636365,
                "baseBespokestagedc": 4.035805626598465,
                "baseBespokestagedcsr": 3.8347509113001217
            }
        },
        "prop_DeleteValid.txt": {
            "RBT": {
                "baseBespoke": 1.0,
                "baseBespokestaged": 1.1598810142214468,
                "baseBespokestagedc": 1.423717088839831,
                "baseBespokestagedcsr": 2.958426559004037
            }
        },
        "prop_DeletePost.txt": {
            "RBT": {
                "baseBespoke": 1.0,
                "baseBespokestaged": 1.1614064028445912,
                "baseBespokestagedc": 1.742486436726101,
                "baseBespokestagedcsr": 2.7417321151894
            }
        }
    },
    "no_balance_insert_1": {
        "prop_DeleteInsert.txt": {
            "RBT": {
                "baseBespoke": 1.0,
                "baseBespokestaged": 1.1113280530484435,
                "baseBespokestagedc": 1.8719826248836486,
                "baseBespokestagedcsr": 1.9119660286474838
            }
        },
        "prop_InsertDelete.txt": {
            "RBT": {
                "baseBespoke": 1.0,
                "baseBespokestaged": 1.113195342820181,
                "baseBespokestagedc": 1.7573639148535074,
                "baseBespokestagedcsr": 1.7865527429529666
            }
        },
        "prop_InsertValid.txt": {
            "RBT": {
                "baseType": 1.0,
                "baseStaged": 1.1202933016250496,
                "baseStagedc": 6.902319902319903,
                "baseStagedcsr": 7.28479381443299
            }
        }
    },
    "miscolor_balLeft": {
        "prop_DeleteValid.txt": {
            "RBT": {
                "baseBespoke": 1.0,
                "baseBespokestaged": 1.1472447803973362,
                "baseBespokestagedc": 2.3805830903790093,
                "baseBespokestagedcsr": 2.541996139717328
            }
        },
        "prop_DeleteDelete.txt": {
            "RBT": {
                "baseBespoke": 1.0,
                "baseBespokestaged": 1.1445740658545123,
                "baseBespokestagedc": 2.4009366677463895,
                "baseBespokestagedcsr": 2.5565220792150813
            }
        }
    },
    "swap_cd": {
        "prop_DeleteDelete.txt": {
            "RBT": {
                "baseBespoke": 1.0,
                "baseBespokestaged": 1.1621680860049504,
                "baseBespokestagedc": 2.391770498115906,
                "baseBespokestagedcsr": 2.5192249750851743
            }
        },
        "prop_InsertDelete.txt": {
            "RBT": {
                "baseBespoke": 1.0,
                "baseBespokestaged": 1.13609075868589,
                "baseBespokestagedc": 1.805981364592726,
                "baseBespokestagedcsr": 1.839008340347387,
                "baseType": 1.0,
                "baseStaged": 1.2406408571818004,
                "baseStagedc": 2.609041505937692,
                "baseStagedcsr": 2.711912072363387
            }
        },
        "prop_InsertInsert.txt": {
            "RBT": {
                "baseBespoke": 1.0,
                "baseBespokestaged": 1.2011494252873562,
                "baseBespokestagedc": 1.7416666666666665,
                "baseBespokestagedcsr": 1.7131147540983604,
                "baseType": 1.0,
                "baseStaged": 1.1958168049044358,
                "baseStagedc": 2.0619559072922553,
                "baseStagedcsr": 2.093915040183697
            }
        },
        "prop_DeleteValid.txt": {
            "RBT": {
                "baseBespoke": 1.0,
                "baseBespokestaged": 1.134686587968811,
                "baseBespokestagedc": 2.137090819591435,
                "baseBespokestagedcsr": 2.2868053726626285
            }
        },
        "prop_InsertModel.txt": {
            "RBT": {
                "baseBespoke": 1.0,
                "baseBespokestaged": 1.1457385801858808,
                "baseBespokestagedc": 4.9268707482993195,
                "baseBespokestagedcsr": 4.576619273301738,
                "baseType": 1.0,
                "baseStaged": 1.2561514501578952,
                "baseStagedc": 2.762163763479085,
                "baseStagedcsr": 2.8947407637379694
            }
        },
        "prop_DeleteModel.txt": {
            "RBT": {
                "baseBespoke": 1.0,
                "baseBespokestaged": 1.1119021540708287,
                "baseBespokestagedc": 1.661710544264084,
                "baseBespokestagedcsr": 1.6321007502679528
            }
        },
        "prop_InsertValid.txt": {
            "RBT": {
                "baseBespoke": 1.0,
                "baseBespokestaged": 1.3995901639344264,
                "baseBespokestagedc": 2.742971887550201,
                "baseBespokestagedcsr": 2.869747899159664,
                "baseType": 1.0,
                "baseStaged": 1.2107491856677524,
                "baseStagedc": 2.2695078764195875,
                "baseStagedcsr": 2.3041160426481526
            }
        },
        "prop_InsertPost.txt": {
            "RBT": {
                "baseBespoke": 1.0,
                "baseBespokestaged": 1.1482715742352647,
                "baseBespokestagedc": 1.8983636214127126,
                "baseBespokestagedcsr": 1.8616240625755986,
                "baseType": 1.0,
                "baseStaged": 1.2839679033127915,
                "baseStagedc": 3.167065561634839,
                "baseStagedcsr": 3.33835647380819
            }
        },
        "prop_DeletePost.txt": {
            "RBT": {
                "baseBespoke": 1.0,
                "baseBespokestaged": 1.170337731924544,
                "baseBespokestagedc": 2.6222848795039178,
                "baseBespokestagedcsr": 2.7672468067857423
            }
        },